﻿<?xml version="1.0" encoding="utf-8" ?>
<UserData>
	<URL>https://ondemand.questionmark.com/home/406121</URL>
	<InvaliUserName>test</InvaliUserName>
	<InvalidPassword>test</InvalidPassword>
	<LoginButton>Log in</LoginButton>
	<FailureNotification>Sorry, unrecognized username or password.</FailureNotification>
	<RandomEmail>test</RandomEmail>
	<RandomPassword>Password</RandomPassword>
	<InstructionNotification>Further instructions have been sent to your e-mail address.</InstructionNotification>
	<UserName>qatestuser</UserName>
	<Password>RNNrq5dubcCNKtBwhALO</Password>
	<People>People</People>
	<Users>Users</Users>
	<ImportFile>D:\\Participants.csv</ImportFile>
	<CreatedNotification>Created 1 user.</CreatedNotification>
</UserData>
